id	chromosome	pos	ref	alt	type	region	locus_tags	of_interest	TFBS_scoredif	amino_acid	substitution_score	effect_on_prot	protein_domains
1	-	1011	T	C	transition	coding	lt6	yes	-	M --> V	0.54286	missense	-
2	-	1013	A	T	transversion	coding	lt6	yes	-	L --> H	0.46667	missense	mutation [d6_3]
3	-	1031	G	C	transversion	coding	lt6	yes	-	S --> C	0.56667	missense	mutagen [d6_1]
4	-	1199	G	A	transition	intergenic	-	-	-	-	-	-	-
5	-	1228	G	T	transversion	coding	lt7	no	-	P --> Q	0.54839	missense	-
6	-	1386	A	G	transition	intergenic	-	-	-	-	-	-	-
7	-	1417	C	A	transversion	coding	lt8	yes	-	E --> stop	0.57437	nonsense	-
8	-	1428	T	A	transversion	coding	lt8	yes	-	K --> I	0.46667	missense	-
9	-	1446	G	A	transition	promoter  |  TFBS	(lt6 / lt7 / lt8)  |  (lt6 / lt7 / lt8)	both  |  both	-  |  0.17872	-  |  -	-  |  -	-  |  -	-  |  -
10	-	1498	A	G	transition	intergenic	-	-	-	-	-	-	-
11	-	1583	C	G	transversion	promoter	lt9	no	-	-	-	-	-
12	-	1785	A	C	transversion	promoter	lt10	no	-	-	-	-	-
13	-	2040	C	T	transition	promoter	lt11	no	-	-	-	-	-
14	-	2050	T	A	transversion	promoter	lt11	no	-	-	-	-	-
15	-	2208	G	A	transition	coding	lt12	no	-	L --> L	1.00000	synonymous	-
16	-	2392	A	G	transition	intergenic	-	-	-	-	-	-	-
17	-	2559	A	C	transversion	intergenic	-	-	-	-	-	-	-
18	-	2573	C	ATT	indel	intergenic	-	-	-	-	-	-	-
19	-	2574	G	C	transversion	intergenic	-	-	-	-	-	-	-
20	-	2607	A	CC	indel	coding	lt14	no	-	? --> ?	0.64948	frame shift	-
21	-	2793	C	G	transversion	promoter	lt15	no	-	-	-	-	-
22	-	2942	CC	A	indel	intergenic	-	-	-	-	-	-	-
23	-	2997	T	A	transversion	promoter	lt16	yes	-	-	-	-	-
24	-	3006	G	C	transversion	coding	lt16	yes	-	D --> H	0.51613	missense	t16 [d16]
25	-	3009	T	A	transversion	coding	lt16	yes	-	stop --> K	0.20551	readthrough	-
26	-	3027	T	A	transversion	coding	lt16	yes	-	-	1.00000	synonymous	-
27	-	3159	A	T	transversion	intergenic	-	-	-	-	-	-	-
28	-	3186	G	C	transversion	promoter	lt17	yes	-	-	-	-	-
29	-	3210	T	G	transversion	coding	lt17	yes	-	L --> stop	0.19561	nonsense	-
30	-	3216	C	T	transition	coding	lt17	yes	-	P --> L	0.41935	missense	-
31	-	3281	C	G	transversion	intergenic	-	-	-	-	-	-	-
32	-	3405	G	A	transition	coding	lt18	no	-	A --> A	1.00000	synonymous	-
33	-	3425	A	T	transversion	coding	lt18	no	-	Q --> L	0.46875	missense	-
34	-	363	A	AA	indel	intergenic	-	-	-	-	-	-	-
35	-	363	A	CC	indel	intergenic	-	-	-	-	-	-	-
36	-	3770	A	C	transversion	intergenic	-	-	-	-	-	-	-
37	-	3798	C	A	transversion	promoter	lt20	no	-	-	-	-	-
38	-	3815	A	G	transition	coding	lt20	no	-	-	1.00000	synonymous	-
39	-	395	TT	G	indel	promoter  |  TFBS	(lt3 / lt4)  |  (lt3 / lt4)	no  |  no	-  |  -	-  |  -	-  |  -	-  |  -	-  |  -
40	-	404	C	G	transversion	coding	lt3	no	-	A --> G	0.63333	missense	-
41	-	4727	G	T	transversion	intergenic	-	-	-	-	-	-	-
42	-	4842	AA	C	indel	promoter	(lt24 / lt25)	no	-	-	-	-	-
43	-	4853	C	GG	indel	promoter	(lt24 / lt25)	no	-	-	-	-	-
44	-	4854	T	G	transversion	promoter	(lt24 / lt25)	no	-	-	-	-	-
45	-	4897	C	A	transversion	promoter	(lt24 / lt25)	no	-	-	-	-	-
46	-	4907	T	G	transversion	promoter	(lt24 / lt25)	no	-	-	-	-	-
47	-	4914	A	C	transversion	promoter	(lt24 / lt25)	no	-	-	-	-	-
48	-	5016	C	T	transition	coding	lt26	yes	-	-	1.00000	synonymous	-
49	-	5033	A	G	transition	coding	lt26	yes	-	-	1.00000	synonymous	-
50	-	5148	C	G	transversion	intergenic	-	-	-	-	-	-	-
51	-	5177	G	T	transversion	promoter	lt27	no	-	-	-	-	-
52	-	5194	T	C	transition	promoter	lt27	no	-	-	-	-	-
53	-	5212	T	A	transversion	coding	lt27	no	-	S --> T	0.70000	missense	-
54	-	5215	T	C	transition	coding	lt27	no	-	stop --> R	0.62302	readthrough	-
