locus_tag	gene_name	of_interest	description	chromosome	strand	gene_start	gene_end	gene_len	DNA	prot_len	prot	gene_ID	Genbank	PFAM	UniProt	pubmed	promoter_start_rel	promoter_start_abs	promoter_end_abs	promoter_len	operon	regulated_genes	regulators	TFs	TFBS_start_rel	TFBS_start_abs	TFBS_end_abs	TFBS_sequence	mutation_ids	synonymous_mutations_per_kbp	non_synonymous_mutations_per_kbp	missense_mutations_per_kbp	nonsense_mutations_per_kbp	readthrough_mutations_per_kbp	frame_shift_mutations_per_kbp	promoter_mutations_per_kbp	tfbs_mutations_per_kbp	prot_dom_start	prot_dom_end	prot_dom_tyoe	prot_dom_desc
lt10	-	-	-	-	+	1800	1823	24	ACATCGACTGTGCGTCCACTGATA	8	MSTVRPLI	-	-	-	-	-	-18	1782	1799	18	-	-	-	-	-	-	-	-	12	0.0	0.0	0.0	0.0	0.0	0.0	55.556	0	-	-	-	-
lt11	-	-	-	-	-	2000	2023	24	ACATCGACTGTGCGTCCACTGATA	8	MSTVRPLI	-	-	-	-	-	-42	2024	2065	42	-	-	-	-	-	-	-	-	13  |  14	0.0	0.0	0.0	0.0	0.0	0.0	47.619	0	-	-	-	-
lt12	-	-	-	-	+	2200	2224	25	CTAGCCCTGGTCCAATCAGCAATAA	8	MALVQSAI	-	-	-	-	-	-46	2154	2199	46	lt12 > lt13 > lt14	-	-	-	-	-	-	-	15	40.0	0.0	0.0	0.0	0.0	0.0	0.0	0	-	-	-	-
lt13	-	-	-	-	+	2400	2423	24	TCATACCCGGCTGACGTGAGCAGT	8	MYPADVSS	-	-	-	-	-	-246	2154	2199	46	lt12 > lt13 > lt14	-	lt14 [E]	-	-	-	-	-	-	0.0	0.0	0.0	0.0	0.0	0.0	0.0	0	-	-	-	-
lt14	-	-	-	-	+	2600	2636	37	GCCATATACTTGCGTAACTAGCGTGTTCAAAAGCGCT	6	MIYLRN	-	-	-	-	-	-446	2154	2199	46	lt12 > lt13 > lt14	lt13 [E]	-	-	-	-	-	-	20	0.0	27.027	0.0	0.0	0.0	27.027	0.0	0	-	-	-	-
lt15	gn15	-	-	-	-	2800	2819	20	CAAGGGCCGGTTGCGGTCTG	6	MGPVAV	-	-	-	-	-	20	2767	2799	33	-	-	lt6 (gn6) [?]	lt6	-37	2850	2856	CGATGTG	21	0.0	0.0	0.0	0.0	0.0	0.0	30.303	0.0	-	-	-	-
lt16	gn16	MDR efflux pump	-	-	+	3000	3044	45	TGAGATGATTAGTACCAGATTCAGTTATTTTTGCACCTCGATGGC	3	MDD	-	-	-	-	-	-39	2961	2999	39	-	-	lt27 (gn27) [?]  |  lt6 (gn6) [A]	lt27  |  lt27	-50  |  -49	2950  |  2951	2954  |  2955	GAAGT  |  CAAGT	23  |  24  |  25  |  26	22.222	44.444	22.222	0.0	22.222	0.0	25.641	0.0	1	3	t16	d16
lt17	gn16	MDR efflux pump	-	-	+	3200	3248	49	TCGAAATGTTTAGATCCGATCATCGCGGTTGGAGATATCGGTCATGCTT	16	MKCLDPIIAVGDIGHA	-	-	-	-	-	-39	3161	3199	39	-	-	lt27 (gn27) [?]  |  lt6 (gn6) [A]	lt27  |  lt27	-250  |  -249	2950  |  2951	2954  |  2955	GAAGT  |  CAAGT	28  |  29  |  30	0.0	40.816	20.408	20.408	0.0	0.0	25.641	0.0	1	3	t16	d16
lt18	-	-	-	-	+	3400	3432	33	CGCGCGACGGCGCCTGGTAAGACACAAGATAAG	11	MATAPGKTQDK	-	-	-	-	-	-16	3384	3399	16	-	-	-	-	-	-	-	-	32  |  33	30.303	30.303	30.303	0.0	0.0	0.0	0.0	0	-	-	-	-
lt19	gn19	-	-	-	+	3600	3622	23	GTGACTAAGCCATTTTTGGTCCT	7	MTKPFLV	-	-	-	-	-	-14	3586	3599	14	-	-	-	-	-	-	-	-	-	0.0	0.0	0.0	0.0	0.0	0.0	0.0	0	-	-	-	-
lt20	gn20	-	-	-	+	3800	3826	27	AAGTGAAGAAGACCTGGAGGAGACCAC	1	M	-	-	-	-	-	-26	3774	3799	26	-	lt6 (gn6) [?]  |  lt7 [?]  |  lt8 [?]	-	-	-	-	-	-	37  |  38	37.037	0.0	0.0	0.0	0.0	0.0	38.462	0	-	-	-	-
lt24	-	-	-	-	-	4600	4621	22	GCGTGTACTAACATCAGGATCC	7	MCTNIRI	-	-	-	-	-	-319	4841	4940	100	lt25 > lt24	lt24 [R]  |  lt3 [?]	lt24 [R]	-	-	-	-	-	42  |  43  |  44  |  45  |  46  |  47	0.0	0.0	0.0	0.0	0.0	0.0	60.0	0	-	-	-	-
lt25	gn25	-	-	-	-	4800	4840	41	CTGGCGTGAGGGAGAGCTGGCTAAGCACTGGCTCGGGCGGT	2	MA	-	-	-	-	-	-100	4841	4940	100	lt25 > lt24	lt3 [?]  |  lt4 (gn4) [?]	-	-	-	-	-	-	42  |  43  |  44  |  45  |  46  |  47	0.0	0.0	0.0	0.0	0.0	0.0	60.0	0	-	-	-	-
lt26	gn26	antibiotic	-	-	+	5000	5048	49	GAACAGACCTCTCATACCACCGACGTATCTAGCATTACTAAGTCTGAGA	0	-	-	-	-	-	-	-47	4953	4999	47	-	-	-	-	-	-	-	-	48  |  49	40.816	0.0	0.0	0.0	0.0	0.0	0.0	0	-	-	-	-
lt27	gn27	-	-	-	+	5200	5223	24	TAGGCGAAACAATCCTGATTTGTT	5	MAKQS	-	-	-	-	-	-42	5158	5199	42	-	lt16 (gn16) [?]  |  lt17 (gn16) [?]	-	-	-	-	-	-	51  |  52  |  53  |  54	0.0	83.333	41.667	0.0	41.667	0.0	47.619	0	1	1	t27	-
lt29	-	-	-	-	+	5600	5622	23	AGTTGGCGCCCTTATGACGCTAC	7	MWRPYDA	-	-	-	-	-	-17	5583	5599	17	-	lt4 (gn4) [?]	-	-	-	-	-	-	-	0.0	0.0	0.0	0.0	0.0	0.0	0.0	0	1	1	-	d29
lt3	-	-	desc3	-	+	400	439	40	GTAGCGTTACAGAGCTTTATGCTATGGGCCGACTCACGCG	13	MALQSFMLWADSR	gi3	gb3	pf3	u3	p3	-12	388	399	12	lt3 > lt4	-	lt24 [?]  |  lt25 (gn25) [?]	lt25	-5	395	402	TTCAGGGG	39  |  40	0.0	25.0	25.0	0.0	0.0	0.0	83.333	125.0	-	-	-	-
lt4	gn4	-	-	-	+	600	621	22	GGCTATAGTAGGACGCCCAGGC	7	MYSRTPR	gi4	gb4	pf4	u4	p4	-212	388	399	12	lt3 > lt4	-	lt25 (gn25) [?]  |  lt29 [?]	lt25	-205	395	402	TTCAGGGG	39	0.0	0.0	0.0	0.0	0.0	0.0	83.333	125.0	-	-	-	-
lt6	gn6	MDR efflux regulator	desc6	-	-	1000	1041	42	GACGGAGTCTCTATCCAACTAGTATATCTCATGGACTTCGGG	14	MGVSIQLVYLMDFG	-	gb6	-	-	p61  |  p62	-436	1442	1477	36	lt8 > lt7 > lt6	lt15 (gn15) [?]  |  lt16 (gn16) [A]  |  lt17 (gn16) [A]  |  lt8 [R]	lt20 (gn20) [?]	lt20	-410	1445	1451	TAGTTCG	1  |  2  |  3  |  9	0.0	71.429	71.429	0.0	0.0	0.0	27.778	142.857	4  |  6  |  12	4  |  10  |  12	mutagen  |  mutation  |  t6_2	d6_1  |  d6_3  |  d6_2
lt7	-	-	-	-	-	1200	1232	33	GACCCAGATTACGTTATTCCGGGAGGCACCCAC	11	MPDYVIPGGTH	-	-	-	-	-	-245	1442	1477	36	lt8 > lt7 > lt6	-	lt20 (gn20) [?]	lt20	-219	1445	1451	TAGTTCG	5  |  9	0.0	30.303	30.303	0.0	0.0	0.0	27.778	142.857	-	-	-	-
lt8	-	antibiotic	-	-	-	1400	1441	42	CTGTCAGTACATAAATCTGTTACGGAGGCCTCTCGTGCATGC	14	MSVHKSVTEASRAC	-	-	-	-	-	-36	1442	1477	36	lt8 > lt7 > lt6	-	lt20 (gn20) [?]  |  lt6 (gn6) [R]	lt20	-10	1445	1451	TAGTTCG	7  |  8  |  9	0.0	47.619	23.81	23.81	0.0	0.0	27.778	142.857	-	-	-	-
lt9	-	-	-	-	+	1600	1638	39	TCTTAACTGAACTTCGAGTGAGCATAGCTGGACAAAAGT	1	M	-	-	-	-	-	-17	1583	1599	17	-	-	-	-	-	-	-	-	11	0.0	0.0	0.0	0.0	0.0	0.0	58.824	0	-	-	-	-
