chromosome	locus tag	gene name	description	strand	gene start	gene end	DNA	protein sequence	operon	promoter start relative	promoter start absolute	promoter end absolute	Gene ID	Genbank	PFAM	UniProt	Pubmed
1	lt3		desc3	+	400	439	GTAGCGTTACAGAGCTTTATGCTATGGGCCGACTCACGCG	MALQSFMLWADSR	lt3 > lt4	-12	388	399	gi3	gb3	pf3	u3	p3
1	lt4	gn4			600	621	GGCTATAGTAGGACGCCCAGGC	MYSRTPR	lt3 > lt4	-33	567	599	gi4	gb4	pf4	u4	p4
1	lt6	gn6	desc6	minus	1000	1041	GACGGAGTCTCTATCCAACTAGTATATCTCATGGACTTCGGG	MGVSIQLVYLMDFG	lt6 < lt7 < lt8		1042	1061		gb6			p61; p62
1	lt7			-	1232	1200	GACCCAGATTACGTTATTCCGGGAGGCACCCAC	MPDYVIPGGTH	lt6 < lt7 < lt8	-28							
1	lt8			m	1400	1441	CTGTCAGTACATAAATCTGTTACGGAGGCCTCTCGTGCATGC	MSVHKSVTEASRAC	lt6 < lt7 < lt8	-36	1442	1477					
1	lt9			forward	1600	1638	TCTTAACTGAACTTCGAGTGAGCATAGCTGGACAAAAGT	M		-17	1583	1599					
1	lt10			forward	1800	1823	ACATCGACTGTGCGTCCACTGATA	MSTVRPLI		-18	1782	1799					
1	lt11			backward	2000	2023	ACATCGACTGTGCGTCCACTGATA	MSTVRPLI		-42							
1	lt12			+	2200	2224	CTAGCCCTGGTCCAATCAGCAATAA	MALVQSAI	lt12 > lt13 > lt14	-46	2154	2199					
1	lt13			+	2400	2423	TCATACCCGGCTGACGTGAGCAGT	MYPADVSS	lt12 > lt13 > lt14	-21	2379	2399					
1	lt14			+	2600	2636	GCCATATACTTGCGTAACTAGCGTGTTCAAAAGCGCT	MIYLRN	lt12 > lt13 > lt14	-36	2564	2599					
1	lt15	gn15		-	2800	2819	CAAGGGCCGGTTGCGGTCTG	MGPVAV			2767	2799		-			
1	lt16	gn16		+	3000	3044	TGAGATGATTAGTACCAGATTCAGTTATTTTTGCACCTCGATGGC	MDD		-39	2961	2999					*
1	lt17	gn16		+	3200	3248	TCGAAATGTTTAGATCCGATCATCGCGGTTGGAGATATCGGTCATGCTT	MKCLDPIIAVGDIGHA		-39	3161	3199	?				
1	lt18			+	3400	3432	CGCGCGACGGCGCCTGGTAAGACACAAGATAAG	MATAPGKTQDK		-16	3384	3399					
1	lt19	gn19		+	3600	3622	GTGACTAAGCCATTTTTGGTCCT	MTKPFLV	lt19 > lt 20	-14	3586	3599			/		
1	lt20	gn20		+	3826	3800	AAGTGAAGAAGACCTGGAGGAGACCAC	M	lt19 > lt 20	-26	3774	3799					
1	lt24			-	4600	4621	GCGTGTACTAACATCAGGATCC	MCTNIRI	lt24 < lt25		4500	4599					
1	lt25	gn25		-	4800	4840	CTGGCGTGAGGGAGAGCTGGCTAAGCACTGGCTCGGGCGGT	MA	lt24 < lt25								
1	lt26	gn26		+	5000	5048	GAACAGACCTCTCATACCACCGACGTATCTAGCATTACTAAGTCTGAGA	?		-47	4953	4999					
1	lt27	gn27		+	5200	5223	TAGGCGAAACAATCCTGATTTGTT	MAKqs		-42	5158	5199					
1	lt29			+	5600	5622	AGttGGCGCCCTTATGACGCTAC	MWRPYDA		-17	5583	5599					
