position	reference	alternative
363	A	CC/AA
395	TT	G
404	C	G
1011	T	C
1013	A	T
1031	G	C
1199	G	A
1228	G	T
1386	A	G
1417	C	A
1428	T	A
1446	G	A
1498	A	G
1583	C	G
1785	A	C
2040	C	T
2050	T	A
2208	G	A
2392	A	G
2559	A	C
2573	C	ATT
2574	G	C
2607	A	CC
2793	C	G
2942	CC	A
2997	T	A
3006	G	C
3009	T	A
3027	T	A
3159	A	T
3186	G	C
3210	T	G
3216	C	T
3281	C	G
3405	G	A
3425	A	T
3770	A	C
3798	C	A
3815	A	G
4727	G	T
4842	AA	C
4853	C	GG
4854	T	G
4897	C	A
4907	T	G
4914	A	C
5016	C	T
5033	A	G
5148	C	G
5177	G	T
5194	T	C
5212	T	A
5215	T	C
